ID,Data,Produto,Categoria,Quantidade,Preço,Total_Venda
1,2023-04-13,Monitor,Eletrônicos,2,917.37,1834.74
2,2023-12-15,Mesa Escritório,Móveis,1,807.31,807.31
3,2023-09-28,Notebook,Eletrônicos,5,3461.09,17305.45
4,2023-04-17,Headset,Periféricos,1,225.73,225.73
5,2023-03-13,Smartphone,Eletrônicos,23,2034.82,46800.86
6,2023-07-08,Mouse,Periféricos,5,74.7,373.5
7,2023-01-21,Smartphone,Eletrônicos,17,2057.03,34969.51
8,2023-04-13,Smartphone,Eletrônicos,3,2103.74,6311.219999999999
9,2023-05-02,Impressora,Periféricos,2,600.05,1200.1
10,2023-08-03,Smartphone,Eletrônicos,4,2016.95,8067.8
11,2023-11-27,Smartphone,Eletrônicos,21,2180.59,45792.39
12,2023-03-29,Smartphone,Eletrônicos,24,2138.87,51332.88
13,2023-04-10,Tablet,Eletrônicos,1,1624.27,1624.27
14,2023-12-26,Smartphone,Eletrônicos,25,2125.51,53137.75000000001
15,2023-06-01,Notebook,Eletrônicos,2,3226.24,6452.48
16,2023-05-11,Headset,Periféricos,4,232.45,929.8
17,2023-05-30,Cadeira Gamer,Móveis,3,1206.39,3619.17
18,2023-11-05,Smartphone,Eletrônicos,29,1898.43,55054.47
19,2023-09-15,Teclado,Periféricos,5,149.3,746.5
20,2023-12-10,Impressora,Periféricos,4,587.32,2349.28
21,2023-10-21,Cadeira Gamer,Móveis,3,1211.86,3635.58
22,2023-07-11,Cadeira Gamer,Móveis,2,1259.25,2518.5
23,2023-10-04,Headset,Periféricos,5,260.77,1303.85
24,2023-06-10,Tablet,Eletrônicos,5,1506.37,7531.849999999999
25,2023-11-10,Mesa Escritório,Móveis,3,851.58,2554.7400000000002
26,2023-01-22,Smartphone,Eletrônicos,16,1972.34,31557.44
27,2023-09-10,Impressora,Periféricos,1,647.61,647.61
28,2023-08-24,Impressora,Periféricos,3,548.55,1645.6499999999999
29,2023-12-11,Smartphone,Eletrônicos,14,2181.86,30546.04
30,2023-02-18,Tablet,Eletrônicos,5,1546.41,7732.05
31,2023-02-28,Smartphone,Eletrônicos,1,1952.03,1952.03
32,2023-06-19,Impressora,Periféricos,2,606.8,1213.6
33,2023-07-07,Cadeira Gamer,Móveis,4,1195.0,4780.0
34,2023-09-28,Mouse,Periféricos,4,75.11,300.44
35,2023-07-09,Monitor,Eletrônicos,3,839.94,2519.82
36,2023-06-24,Teclado,Periféricos,3,153.52,460.56000000000006
37,2023-02-20,Notebook,Eletrônicos,4,3516.16,14064.64
38,2023-12-30,Tablet,Eletrônicos,3,1551.03,4653.09
39,2023-02-24,Monitor,Eletrônicos,1,977.33,977.33
40,2023-09-01,Notebook,Eletrônicos,3,3522.58,10567.74
41,2023-11-16,Smartphone,Eletrônicos,25,2032.37,50809.25
42,2023-05-11,Notebook,Eletrônicos,2,3466.125,6932.25
43,2023-11-03,Smartphone,Eletrônicos,12,2087.05,25044.600000000002
44,2023-05-15,Headset,Periféricos,5,245.0,1225.0
45,2023-01-21,Headset,Periféricos,1,273.84,273.84
46,2023-11-25,Impressora,Periféricos,1,638.78,638.78
47,2023-06-16,Mesa Escritório,Móveis,1,803.6,803.6
48,2023-10-01,Headset,Periféricos,1,231.16,231.16
49,2023-03-30,Monitor,Eletrônicos,1,964.69,964.69
50,2023-11-12,Monitor,Eletrônicos,5,953.96,4769.8
51,2023-01-14,Smartphone,Eletrônicos,20,1873.83,37476.6
52,2023-08-30,Tablet,Eletrônicos,2,1438.58,2877.16
53,2023-09-22,Cadeira Gamer,Móveis,1,1270.42,1270.42
54,2023-12-12,Smartphone,Eletrônicos,15,1874.09,28111.35
55,2023-02-22,Monitor,Eletrônicos,2,975.2,1950.4
56,2023-12-06,Smartphone,Eletrônicos,26,1969.81,51215.06
57,2023-04-02,Notebook,Eletrônicos,4,3210.93,12843.72
58,2023-09-21,Mesa Escritório,Móveis,3,850.52,2551.56
59,2023-02-04,Headset,Periféricos,2,243.68,487.36
60,2023-07-25,Headset,Periféricos,4,251.32,1005.28
61,2023-03-22,Smartphone,Eletrônicos,17,1844.92,31363.64
62,2023-02-19,Teclado,Periféricos,4,135.08,540.32
63,2023-12-26,Smartphone,Eletrônicos,29,2055.19,59600.51
64,2023-01-02,Smartphone,Eletrônicos,31,2006.07,62188.17
65,2023-02-23,Mouse,Periféricos,2,81.5,163.0
66,2023-04-16,Headset,Periféricos,1,264.69,264.69
67,2023-09-17,Mouse,Periféricos,1,82.35,82.35
68,2023-11-06,Smartphone,Eletrônicos,29,1869.91,54227.39
69,2023-07-10,Mouse,Periféricos,3,77.77,233.31
70,2023-08-06,Impressora,Periféricos,3,648.71,1946.13
71,2023-02-13,Cadeira Gamer,Móveis,3,1264.79,3794.37
72,2023-06-11,Impressora,Periféricos,5,606.8,3034.0
73,2023-07-21,Mouse,Periféricos,1,76.09,76.09
74,2023-09-27,Impressora,Periféricos,2,576.25,1152.5
75,2023-12-17,Smartphone,Eletrônicos,22,2092.78,46041.16
76,2023-10-31,Mesa Escritório,Móveis,3,856.19,2568.57
77,2023-09-28,Monitor,Eletrônicos,2,930.86,1861.72
78,2023-08-03,Cadeira Gamer,Móveis,1,1274.29,1274.29
79,2023-09-09,Headset,Periféricos,5,263.33,1316.6499999999999
80,2023-07-09,Notebook,Eletrônicos,2,3254.79,6509.58
81,2023-10-23,Monitor,Eletrônicos,2,886.31,1772.62
82,2023-08-01,Notebook,Eletrônicos,1,3257.09,3257.09
83,2023-07-27,Mesa Escritório,Móveis,2,757.64,1515.28
84,2023-08-25,Cadeira Gamer,Móveis,5,1288.62,6443.099999999999
85,2023-12-04,Smartphone,Eletrônicos,18,1989.16,35804.880000000005
86,2023-02-22,Tablet,Eletrônicos,5,1510.61,7553.049999999999
87,2023-10-07,Headset,Periféricos,1,233.92,233.92
88,2023-08-05,Smartphone,Eletrônicos,3,1924.91,5774.7300000000005
89,2023-09-09,Tablet,Eletrônicos,2,1419.07,2838.14
90,2023-07-07,Mesa Escritório,Móveis,3,752.99,2258.9700000000003
91,2023-02-10,Monitor,Eletrônicos,5,924.83,4624.150000000001
92,2023-06-06,Smartphone,Eletrônicos,2,1902.75,3805.5
93,2023-01-15,Smartphone,Eletrônicos,20,2052.81,41056.2
94,2023-10-28,Smartphone,Eletrônicos,3,1823.38,5470.14
95,2023-03-06,Smartphone,Eletrônicos,21,1856.71,38990.91
96,2023-12-11,Smartphone,Eletrônicos,24,1909.82,45835.68
97,2023-11-23,Smartphone,Eletrônicos,24,2038.82,48931.68
98,2023-01-09,Mesa Escritório,Móveis,4,828.13,3312.52
99,2023-12-10,Smartphone,Eletrônicos,16,1977.09,31633.44
100,2023-05-09,Notebook,Eletrônicos,3,3462.05,10386.150000000001
101,2023-05-16,Mesa Escritório,Móveis,5,835.92,4179.599999999999
102,2023-03-04,Mesa Escritório,Móveis,3,722.53,2167.59
103,2023-05-19,Monitor,Eletrônicos,2,871.4,1742.8
104,2023-03-22,Impressora,Periféricos,4,638.24,2552.96
105,2023-06-12,Notebook,Eletrônicos,1,3572.25,3572.25
106,2023-10-16,Notebook,Eletrônicos,4,3386.06,13544.24
107,2023-09-18,Smartphone,Eletrônicos,5,2162.21,10811.05
108,2023-08-19,Monitor,Eletrônicos,1,949.07,949.07
109,2023-02-10,Tablet,Eletrônicos,5,1429.47,7147.35
110,2023-01-28,Smartphone,Eletrônicos,12,2058.12,24697.44
111,2023-05-15,Mesa Escritório,Móveis,5,815.32,4076.6000000000004
112,2023-07-20,Teclado,Periféricos,2,147.04,294.08
113,2023-11-24,Teclado,Periféricos,4,146.01,584.04
114,2023-09-25,Notebook,Eletrônicos,2,3390.49,6780.98
115,2023-02-02,Mesa Escritório,Móveis,3,818.74,2456.2200000000003
116,2023-02-17,Mesa Escritório,Móveis,2,790.79,1581.58
117,2023-03-03,Impressora,Periféricos,2,639.82,1279.64
118,2023-08-04,Mesa Escritório,Móveis,3,827.14,2481.42
119,2023-10-20,Teclado,Periféricos,5,137.1,685.5
120,2023-04-09,Mesa Escritório,Móveis,5,822.43,4112.15
121,2023-06-21,Mesa Escritório,Móveis,2,763.38,1526.76
122,2023-12-26,Monitor,Eletrônicos,3,916.71,2750.13
123,2023-08-02,Impressora,Periféricos,3,621.62,1864.8600000000001
124,2023-02-04,Tablet,Eletrônicos,4,1419.25,5677.0
125,2023-08-15,Notebook,Eletrônicos,5,3469.8,17349.0
126,2023-04-11,Mesa Escritório,Móveis,1,750.45,750.45
127,2023-05-11,Monitor,Eletrônicos,5,819.42,4097.099999999999
128,2023-09-14,Notebook,Eletrônicos,5,3414.93,17074.649999999998
129,2023-01-05,Monitor,Eletrônicos,4,875.33,3501.32
130,2023-08-06,Cadeira Gamer,Móveis,3,1210.83,3632.49
131,2023-09-12,Notebook,Eletrônicos,4,3462.45,13849.8
132,2023-12-25,Tablet,Eletrônicos,1,1450.07,1450.07
133,2023-10-10,Smartphone,Eletrônicos,3,2032.19,6096.57
134,2023-07-26,Mouse,Periféricos,1,73.42,73.42
135,2023-01-15,Notebook,Eletrônicos,4,3823.17,15292.68
136,2023-12-12,Smartphone,Eletrônicos,15,2053.98,30809.7
137,2023-02-11,Headset,Periféricos,1,262.74,262.74
138,2023-06-28,Headset,Periféricos,3,233.52,700.5600000000001
139,2023-03-04,Teclado,Periféricos,5,147.28,736.4
140,2023-12-18,Smartphone,Eletrônicos,15,1969.08,29536.199999999997
141,2023-08-19,Notebook,Eletrônicos,2,3725.26,7450.52
142,2023-08-29,Headset,Periféricos,5,225.06,1125.3
143,2023-02-21,Mesa Escritório,Móveis,1,768.14,768.14
144,2023-04-06,Monitor,Eletrônicos,1,986.62,986.62
145,2023-08-10,Notebook,Eletrônicos,5,3466.125,17330.625
146,2023-08-19,Teclado,Periféricos,1,146.48,146.48
147,2023-08-25,Mesa Escritório,Móveis,1,739.17,739.17
148,2023-05-23,Mesa Escritório,Móveis,1,875.87,875.87
149,2023-06-20,Smartphone,Eletrônicos,4,1808.01,7232.04
150,2023-01-29,Headset,Periféricos,4,261.86,1047.44
151,2023-02-05,Teclado,Periféricos,3,158.06,474.18
152,2023-01-13,Smartphone,Eletrônicos,16,1897.46,30359.36
153,2023-06-09,Smartphone,Eletrônicos,5,2068.62,10343.099999999999
154,2023-11-23,Smartphone,Eletrônicos,25,1837.17,45929.25
155,2023-07-06,Smartphone,Eletrônicos,4,1902.82,7611.28
156,2023-08-31,Smartphone,Eletrônicos,3,2115.16,6345.48
157,2023-03-27,Smartphone,Eletrônicos,16,2145.87,34333.92
158,2023-10-11,Tablet,Eletrônicos,1,1511.2649999999999,1511.2649999999999
159,2023-03-07,Mouse,Periféricos,4,80.11,320.44
160,2023-06-19,Cadeira Gamer,Móveis,4,1118.23,4472.92
161,2023-02-14,Monitor,Eletrônicos,3,821.36,2464.08
162,2023-03-03,Smartphone,Eletrônicos,32,1847.06,59105.92
163,2023-05-14,Mouse,Periféricos,5,75.64,378.2
164,2023-10-11,Teclado,Periféricos,2,147.16,294.32
165,2023-01-28,Smartphone,Eletrônicos,14,1952.36,27333.039999999997
166,2023-04-18,Notebook,Eletrônicos,1,3392.43,3392.43
167,2023-02-13,Mesa Escritório,Móveis,2,758.25,1516.5
168,2023-12-06,Headset,Periféricos,1,250.49,250.49
169,2023-10-13,Impressora,Periféricos,1,639.03,639.03
170,2023-11-27,Monitor,Eletrônicos,2,860.35,1720.7
171,2023-05-08,Impressora,Periféricos,3,653.09,1959.27
172,2023-12-14,Mesa Escritório,Móveis,5,859.73,4298.65
173,2023-08-19,Cadeira Gamer,Móveis,5,1118.82,5594.099999999999
174,2023-07-09,Mouse,Periféricos,1,84.58,84.58
175,2023-08-13,Mesa Escritório,Móveis,1,811.93,811.93
176,2023-10-10,Smartphone,Eletrônicos,3,2026.63,6079.89
177,2023-05-01,Headset,Periféricos,4,244.55,978.2
178,2023-04-26,Mesa Escritório,Móveis,2,800.18,1600.36
179,2023-08-21,Smartphone,Eletrônicos,1,1958.87,1958.87
180,2023-09-16,Tablet,Eletrônicos,5,1511.92,7559.6
181,2023-12-25,Smartphone,Eletrônicos,22,2051.18,45125.96
182,2023-07-17,Teclado,Periféricos,3,155.23,465.68999999999994
183,2023-05-17,Teclado,Periféricos,2,150.97,301.94
184,2023-11-14,Smartphone,Eletrônicos,28,2088.57,58479.96000000001
185,2023-06-14,Headset,Periféricos,3,232.06,696.1800000000001
186,2023-08-13,Mouse,Periféricos,3,75.39,226.17000000000002
187,2023-11-03,Smartphone,Eletrônicos,29,2127.49,61697.20999999999
188,2023-08-22,Cadeira Gamer,Móveis,1,1157.41,1157.41
189,2023-06-21,Mouse,Periféricos,1,72.37,72.37
190,2023-06-01,Monitor,Eletrônicos,4,837.68,3350.72
191,2023-11-11,Mouse,Periféricos,5,75.58,377.9
192,2023-06-09,Tablet,Eletrônicos,2,1637.2,3274.4
193,2023-04-06,Smartphone,Eletrônicos,3,2029.22,6087.66
194,2023-08-21,Impressora,Periféricos,1,651.93,651.93
195,2023-06-29,Tablet,Eletrônicos,3,1522.55,4567.65
196,2023-04-23,Tablet,Eletrônicos,3,1511.2649999999999,4533.795
197,2023-11-14,Headset,Periféricos,4,240.69,962.76
198,2023-02-21,Smartphone,Eletrônicos,5,2042.55,10212.75
199,2023-09-25,Impressora,Periféricos,1,556.7,556.7
200,2023-10-22,Headset,Periféricos,3,269.91,809.73
201,2023-04-23,Mesa Escritório,Móveis,1,852.69,852.69
202,2023-04-11,Headset,Periféricos,2,240.88,481.76
203,2023-04-23,Notebook,Eletrônicos,4,3816.96,15267.84
204,2023-03-22,Smartphone,Eletrônicos,20,2006.07,40121.4
205,2023-07-06,Impressora,Periféricos,1,619.96,619.96
206,2023-04-23,Smartphone,Eletrônicos,5,1848.7,9243.5
207,2023-01-02,Smartphone,Eletrônicos,14,1991.29,27878.059999999998
208,2023-05-10,Impressora,Periféricos,4,600.73,2402.92
209,2023-08-08,Monitor,Eletrônicos,3,851.86,2555.58
210,2023-02-23,Impressora,Periféricos,5,549.6,2748.0
211,2023-12-09,Headset,Periféricos,2,263.84,527.68
212,2023-08-12,Monitor,Eletrônicos,2,831.97,1663.94
213,2023-08-13,Headset,Periféricos,5,254.71,1273.55
214,2023-05-06,Mouse,Periféricos,4,86.98,347.92
215,2023-05-10,Notebook,Eletrônicos,5,3763.27,18816.35
216,2023-02-22,Impressora,Periféricos,4,573.33,2293.32
217,2023-06-21,Cadeira Gamer,Móveis,3,1284.35,3853.0499999999997
218,2023-08-06,Notebook,Eletrônicos,5,3150.23,15751.15
219,2023-06-09,Mouse,Periféricos,1,72.28,72.28
220,2023-07-17,Notebook,Eletrônicos,2,3571.79,7143.58
221,2023-09-04,Tablet,Eletrônicos,5,1459.44,7297.200000000001
222,2023-11-20,Smartphone,Eletrônicos,33,1954.58,64501.14
223,2023-07-22,Mouse,Periféricos,2,81.03,162.06
224,2023-07-03,Headset,Periféricos,3,234.59,703.77
225,2023-05-03,Impressora,Periféricos,2,565.41,1130.82
226,2023-09-12,Teclado,Periféricos,3,149.54,448.62
227,2023-10-21,Mouse,Periféricos,5,84.07,420.34999999999997
228,2023-10-07,Smartphone,Eletrônicos,5,2047.8,10239.0
229,2023-11-21,Mesa Escritório,Móveis,1,767.58,767.58
230,2023-04-08,Mouse,Periféricos,3,78.89,236.67000000000002
231,2023-07-17,Tablet,Eletrônicos,3,1401.2,4203.6
232,2023-08-28,Teclado,Periféricos,1,137.24,137.24
233,2023-05-24,Tablet,Eletrônicos,3,1584.81,4754.43
234,2023-04-07,Teclado,Periféricos,3,142.96,428.88
235,2023-07-20,Smartphone,Eletrônicos,1,1871.11,1871.11
236,2023-05-04,Impressora,Periféricos,3,622.99,1868.97
237,2023-07-06,Headset,Periféricos,3,255.9,767.7
238,2023-11-22,Smartphone,Eletrônicos,24,2053.28,49278.72
239,2023-12-15,Smartphone,Eletrônicos,19,1891.56,35939.64
240,2023-09-16,Monitor,Eletrônicos,4,851.88,3407.52
241,2023-05-28,Teclado,Periféricos,5,141.62,708.1
242,2023-09-09,Mesa Escritório,Móveis,3,747.8,2243.3999999999996
243,2023-12-12,Smartphone,Eletrônicos,33,2062.29,68055.56999999999
244,2023-05-27,Teclado,Periféricos,2,160.44,320.88
245,2023-05-28,Monitor,Eletrônicos,2,940.38,1880.76
246,2023-12-18,Teclado,Periféricos,3,158.76,476.28
247,2023-07-18,Headset,Periféricos,5,245.24,1226.2
248,2023-11-04,Smartphone,Eletrônicos,15,2061.63,30924.45
249,2023-05-08,Monitor,Eletrônicos,2,873.76,1747.52
250,2023-02-08,Notebook,Eletrônicos,5,3466.125,17330.625
251,2023-12-04,Smartphone,Eletrônicos,26,1992.65,51808.9
252,2023-12-26,Smartphone,Eletrônicos,24,1870.75,44898.0
253,2023-05-09,Impressora,Periféricos,3,586.45,1759.3500000000001
254,2023-09-24,Tablet,Eletrônicos,1,1639.15,1639.15
255,2023-05-31,Monitor,Eletrônicos,1,854.74,854.74
256,2023-10-25,Smartphone,Eletrônicos,1,1853.52,1853.52
257,2023-04-09,Cadeira Gamer,Móveis,2,1180.46,2360.92
258,2023-09-20,Headset,Periféricos,4,264.52,1058.08
259,2023-09-09,Smartphone,Eletrônicos,5,2032.86,10164.3
260,2023-05-24,Mouse,Periféricos,3,82.9,248.70000000000002
261,2023-12-12,Smartphone,Eletrônicos,19,1875.88,35641.72
262,2023-04-22,Tablet,Eletrônicos,2,1535.68,3071.36
263,2023-03-01,Smartphone,Eletrônicos,12,1929.4,23152.800000000003
264,2023-01-02,Smartphone,Eletrônicos,28,2133.72,59744.159999999996
265,2023-10-31,Cadeira Gamer,Móveis,5,1231.03,6155.15
266,2023-09-11,Impressora,Periféricos,5,563.86,2819.3
267,2023-05-20,Smartphone,Eletrônicos,4,1825.85,7303.4
268,2023-02-06,Mouse,Periféricos,4,72.68,290.72
269,2023-06-09,Headset,Periféricos,4,243.57,974.28
270,2023-01-09,Smartphone,Eletrônicos,15,1906.34,28595.1
271,2023-08-21,Notebook,Eletrônicos,3,3602.26,10806.78
272,2023-04-09,Mesa Escritório,Móveis,1,799.89,799.89
273,2023-05-27,Headset,Periféricos,4,238.3,953.2
274,2023-10-31,Mesa Escritório,Móveis,1,743.88,743.88
275,2023-07-27,Headset,Periféricos,2,231.36,462.72
276,2023-05-11,Headset,Periféricos,1,248.6,248.6
277,2023-06-01,Teclado,Periféricos,2,142.3,284.6
278,2023-02-23,Cadeira Gamer,Móveis,3,1236.41,3709.2300000000005
279,2023-04-30,Mouse,Periféricos,2,84.97,169.94
280,2023-06-10,Teclado,Periféricos,2,153.42,306.84
281,2023-04-26,Monitor,Eletrônicos,5,964.72,4823.6
282,2023-03-16,Smartphone,Eletrônicos,17,1956.96,33268.32
283,2023-04-23,Tablet,Eletrônicos,3,1636.87,4910.61
284,2023-04-14,Mouse,Periféricos,3,74.13,222.39
285,2023-12-06,Cadeira Gamer,Móveis,4,1104.52,4418.08
286,2023-09-11,Mouse,Periféricos,5,82.54,412.70000000000005
287,2023-08-15,Headset,Periféricos,4,272.14,1088.56
288,2023-04-22,Smartphone,Eletrônicos,5,2123.55,10617.75
289,2023-04-09,Cadeira Gamer,Móveis,3,1098.34,3295.0199999999995
290,2023-06-02,Cadeira Gamer,Móveis,1,1147.05,1147.05
291,2023-12-15,Notebook,Eletrônicos,3,3801.22,11403.66
292,2023-12-04,Impressora,Periféricos,3,570.37,1711.1100000000001
293,2023-07-13,Mouse,Periféricos,2,84.5,169.0
294,2023-11-06,Cadeira Gamer,Móveis,2,1278.03,2556.06
295,2023-06-12,Monitor,Eletrônicos,2,899.18,1798.36
296,2023-07-27,Smartphone,Eletrônicos,2,1954.54,3909.08
297,2023-06-18,Mouse,Periféricos,5,79.2,396.0
298,2023-06-10,Impressora,Periféricos,4,567.24,2268.96
299,2023-03-09,Smartphone,Eletrônicos,13,2155.76,28024.880000000005
300,2023-10-16,Mesa Escritório,Móveis,5,792.1,3960.5
301,2023-10-04,Headset,Periféricos,1,269.12,269.12
302,2023-10-31,Impressora,Periféricos,5,552.68,2763.3999999999996
303,2023-05-15,Headset,Periféricos,5,274.41,1372.0500000000002
304,2023-07-14,Cadeira Gamer,Móveis,3,1186.39,3559.17
305,2023-05-08,Tablet,Eletrônicos,4,1364.35,5457.4
306,2023-02-02,Cadeira Gamer,Móveis,2,1089.13,2178.26
307,2023-06-25,Notebook,Eletrônicos,4,3672.35,14689.4
308,2023-01-22,Mesa Escritório,Móveis,3,825.45,2476.3500000000004
309,2023-08-26,Notebook,Eletrônicos,3,3711.49,11134.47
310,2023-06-07,Impressora,Periféricos,3,552.64,1657.92
311,2023-02-07,Headset,Periféricos,1,226.78,226.78
312,2023-08-18,Mesa Escritório,Móveis,4,801.37,3205.48
313,2023-12-31,Smartphone,Eletrônicos,28,1955.04,54741.119999999995
314,2023-02-20,Cadeira Gamer,Móveis,5,1190.87,5954.349999999999
315,2023-09-21,Tablet,Eletrônicos,3,1647.48,4942.4400000000005
316,2023-10-10,Notebook,Eletrônicos,4,3829.52,15318.08
317,2023-01-27,Smartphone,Eletrônicos,17,2176.93,37007.81
318,2023-08-14,Mouse,Periféricos,3,79.91,239.73
319,2023-10-04,Impressora,Periféricos,3,606.8,1820.3999999999999
320,2023-10-13,Mesa Escritório,Móveis,1,785.94,785.94
321,2023-04-07,Teclado,Periféricos,2,151.49,302.98
322,2023-10-11,Impressora,Periféricos,4,639.66,2558.64
323,2023-11-13,Impressora,Periféricos,2,548.25,1096.5
324,2023-10-31,Mouse,Periféricos,5,78.79,393.95000000000005
325,2023-05-27,Smartphone,Eletrônicos,3,1833.05,5499.15
326,2023-01-04,Smartphone,Eletrônicos,22,2005.86,44128.92
327,2023-02-04,Mesa Escritório,Móveis,2,863.82,1727.64
328,2023-07-11,Monitor,Eletrônicos,4,950.85,3803.4
329,2023-02-18,Notebook,Eletrônicos,3,3309.49,9928.47
330,2023-01-17,Smartphone,Eletrônicos,27,2190.4,59140.8
331,2023-06-21,Mouse,Periféricos,1,82.68,82.68
332,2023-08-08,Headset,Periféricos,1,225.52,225.52
333,2023-06-07,Teclado,Periféricos,5,142.66,713.3
334,2023-02-15,Tablet,Eletrônicos,5,1428.21,7141.05
335,2023-01-06,Smartphone,Eletrônicos,26,1827.7,47520.200000000004
336,2023-04-09,Notebook,Eletrônicos,2,3821.88,7643.76
337,2023-08-21,Mesa Escritório,Móveis,4,796.52,3186.08
338,2023-02-06,Smartphone,Eletrônicos,3,2158.33,6474.99
339,2023-10-07,Mesa Escritório,Móveis,5,771.55,3857.75
340,2023-12-15,Cadeira Gamer,Móveis,4,1110.06,4440.24
341,2023-10-29,Monitor,Eletrônicos,5,895.38,4476.9
342,2023-06-30,Smartphone,Eletrônicos,4,1845.58,7382.32
343,2023-04-05,Tablet,Eletrônicos,2,1495.8,2991.6
344,2023-04-09,Tablet,Eletrônicos,3,1626.09,4878.2699999999995
345,2023-07-07,Notebook,Eletrônicos,4,3514.54,14058.16
346,2023-04-26,Mouse,Periféricos,1,81.86,81.86
347,2023-07-10,Headset,Periféricos,1,232.83,232.83
348,2023-09-10,Mouse,Periféricos,4,72.7,290.8
349,2023-06-10,Monitor,Eletrônicos,4,829.95,3319.8
350,2023-09-13,Mesa Escritório,Móveis,4,815.77,3263.08
351,2023-11-19,Smartphone,Eletrônicos,16,1838.0,29408.0
352,2023-05-08,Tablet,Eletrônicos,1,1462.8,1462.8
353,2023-01-18,Smartphone,Eletrônicos,15,2020.04,30300.6
354,2023-10-08,Mesa Escritório,Móveis,3,782.18,2346.54
355,2023-08-11,Tablet,Eletrônicos,5,1399.11,6995.549999999999
356,2023-02-23,Impressora,Periféricos,1,572.85,572.85
357,2023-02-27,Cadeira Gamer,Móveis,5,1302.8,6514.0
358,2023-11-19,Smartphone,Eletrônicos,29,2070.39,60041.31
359,2023-12-26,Smartphone,Eletrônicos,25,1998.42,49960.5
360,2023-06-23,Smartphone,Eletrônicos,1,1805.09,1805.09
361,2023-10-07,Mouse,Periféricos,1,87.88,87.88
362,2023-04-24,Mouse,Periféricos,4,82.74,330.96
363,2023-10-15,Teclado,Periféricos,1,144.51,144.51
364,2023-12-08,Cadeira Gamer,Móveis,3,1291.02,3873.06
365,2023-05-31,Tablet,Eletrônicos,3,1427.53,4282.59
366,2023-05-07,Headset,Periféricos,1,252.2,252.2
367,2023-06-04,Notebook,Eletrônicos,1,3595.25,3595.25
368,2023-09-30,Teclado,Periféricos,4,141.63,566.52
369,2023-04-14,Notebook,Eletrônicos,1,3834.88,3834.88
370,2023-10-26,Monitor,Eletrônicos,4,944.67,3778.68
371,2023-09-03,Notebook,Eletrônicos,4,3540.47,14161.88
372,2023-06-25,Notebook,Eletrônicos,1,3276.42,3276.42
373,2023-02-08,Teclado,Periféricos,2,136.62,273.24
374,2023-06-19,Smartphone,Eletrônicos,2,1928.02,3856.04
375,2023-09-04,Mesa Escritório,Móveis,4,840.51,3362.04
376,2023-01-26,Mouse,Periféricos,1,76.31,76.31
377,2023-12-21,Smartphone,Eletrônicos,12,2015.82,24189.84
378,2023-11-02,Smartphone,Eletrônicos,19,2091.18,39732.42
379,2023-01-13,Monitor,Eletrônicos,5,829.43,4147.15
380,2023-11-12,Smartphone,Eletrônicos,23,2074.12,47704.759999999995
381,2023-11-09,Smartphone,Eletrônicos,20,1836.75,36735.0
382,2023-02-05,Cadeira Gamer,Móveis,2,1311.63,2623.26
383,2023-06-22,Notebook,Eletrônicos,2,3491.88,6983.76
384,2023-01-20,Smartphone,Eletrônicos,29,1860.27,53947.83
385,2023-11-17,Mouse,Periféricos,2,77.48,154.96
386,2023-09-21,Cadeira Gamer,Móveis,2,1179.22,2358.44
387,2023-05-22,Headset,Periféricos,4,262.91,1051.64
388,2023-05-23,Monitor,Eletrônicos,1,943.82,943.82
389,2023-04-02,Notebook,Eletrônicos,3,3578.36,10735.08
390,2023-12-20,Cadeira Gamer,Móveis,5,1105.42,5527.1
391,2023-11-18,Headset,Periféricos,3,232.58,697.74
392,2023-10-15,Notebook,Eletrônicos,3,3215.63,9646.89
393,2023-08-03,Cadeira Gamer,Móveis,1,1218.52,1218.52
394,2023-12-08,Smartphone,Eletrônicos,17,2150.86,36564.62
395,2023-02-20,Impressora,Periféricos,1,592.06,592.06
396,2023-06-02,Mesa Escritório,Móveis,2,745.74,1491.48
397,2023-07-05,Impressora,Periféricos,4,606.97,2427.88
398,2023-03-04,Smartphone,Eletrônicos,31,2124.7,65865.7
399,2023-07-09,Headset,Periféricos,3,262.09,786.27
400,2023-05-05,Cadeira Gamer,Móveis,3,1291.55,3874.6499999999996
401,2023-05-30,Mouse,Periféricos,4,76.45,305.8
402,2023-11-10,Smartphone,Eletrônicos,19,1877.58,35674.02
403,2023-02-27,Mouse,Periféricos,2,86.08,172.16
404,2023-12-08,Smartphone,Eletrônicos,14,2063.02,28882.28
405,2023-11-01,Smartphone,Eletrônicos,20,1924.37,38487.399999999994
406,2023-06-29,Smartphone,Eletrônicos,3,2096.94,6290.82
407,2023-06-19,Tablet,Eletrônicos,2,1594.54,3189.08
408,2023-11-22,Cadeira Gamer,Móveis,4,1227.59,4910.36
409,2023-09-28,Cadeira Gamer,Móveis,4,1245.09,4980.36
410,2023-02-23,Impressora,Periféricos,5,585.03,2925.1499999999996
411,2023-04-11,Mesa Escritório,Móveis,1,806.19,806.19
412,2023-09-21,Cadeira Gamer,Móveis,5,1205.8,6029.0
413,2023-02-22,Impressora,Periféricos,3,641.77,1925.31
414,2023-03-01,Smartphone,Eletrônicos,30,2135.99,64079.7
415,2023-04-18,Headset,Periféricos,4,266.63,1066.52
416,2023-01-05,Smartphone,Eletrônicos,22,1804.41,39697.020000000004
417,2023-04-13,Impressora,Periféricos,5,629.95,3149.75
418,2023-07-15,Impressora,Periféricos,5,631.04,3155.2
419,2023-09-19,Mouse,Periféricos,3,82.85,248.54999999999998
420,2023-12-31,Smartphone,Eletrônicos,31,2102.51,65177.810000000005
421,2023-12-16,Smartphone,Eletrônicos,30,2136.79,64103.7
422,2023-02-16,Mouse,Periféricos,5,79.53,397.65
423,2023-12-21,Mouse,Periféricos,3,80.03,240.09
424,2023-11-07,Monitor,Eletrônicos,3,832.45,2497.3500000000004
425,2023-11-04,Smartphone,Eletrônicos,22,1954.15,42991.3
426,2023-05-24,Cadeira Gamer,Móveis,3,1234.41,3703.2300000000005
427,2023-09-26,Mesa Escritório,Móveis,3,844.86,2534.58
428,2023-05-04,Mouse,Periféricos,5,75.48,377.40000000000003
429,2023-04-16,Mesa Escritório,Móveis,5,742.05,3710.25
430,2023-06-07,Mouse,Periféricos,1,82.61,82.61
431,2023-05-27,Impressora,Periféricos,4,540.23,2160.92
432,2023-05-25,Notebook,Eletrônicos,1,3274.86,3274.86
433,2023-04-30,Impressora,Periféricos,5,543.49,2717.45
434,2023-11-15,Smartphone,Eletrônicos,31,1866.75,57869.25
435,2023-10-02,Tablet,Eletrônicos,5,1404.4,7022.0
436,2023-04-02,Mouse,Periféricos,4,78.2,312.8
437,2023-02-27,Monitor,Eletrônicos,4,882.42,3529.68
438,2023-12-12,Monitor,Eletrônicos,4,967.37,3869.48
439,2023-08-17,Teclado,Periféricos,4,150.3,601.2
440,2023-04-27,Notebook,Eletrônicos,4,3656.38,14625.52
441,2023-11-14,Smartphone,Eletrônicos,28,1841.65,51566.200000000004
442,2023-10-06,Mesa Escritório,Móveis,3,756.07,2268.21
443,2023-05-07,Impressora,Periféricos,1,624.35,624.35
444,2023-05-09,Cadeira Gamer,Móveis,4,1092.67,4370.68
445,2023-02-27,Headset,Periféricos,2,249.33,498.66
446,2023-05-02,Teclado,Periféricos,5,152.98,764.9
447,2023-01-01,Monitor,Eletrônicos,2,918.39,1836.78
448,2023-08-27,Headset,Periféricos,4,226.15,904.6
449,2023-10-17,Teclado,Periféricos,2,144.66,289.32
450,2023-04-06,Tablet,Eletrônicos,2,1540.95,3081.9
451,2023-05-06,Mouse,Periféricos,4,74.38,297.52
452,2023-04-28,Mesa Escritório,Móveis,2,831.27,1662.54
453,2023-02-17,Monitor,Eletrônicos,3,944.27,2832.81
454,2023-03-30,Mesa Escritório,Móveis,3,877.12,2631.36
455,2023-08-25,Impressora,Periféricos,3,565.18,1695.54
456,2023-09-29,Cadeira Gamer,Móveis,5,1278.03,6390.15
457,2023-07-08,Monitor,Eletrônicos,4,903.65,3614.6
458,2023-07-11,Mesa Escritório,Móveis,3,779.75,2339.25
459,2023-03-10,Smartphone,Eletrônicos,32,1848.95,59166.4
460,2023-10-05,Tablet,Eletrônicos,5,1570.65,7853.25
461,2023-12-15,Smartphone,Eletrônicos,13,1894.34,24626.42
462,2023-09-04,Monitor,Eletrônicos,2,876.86,1753.72
463,2023-03-17,Teclado,Periféricos,4,136.88,547.52
464,2023-06-03,Headset,Periféricos,2,265.07,530.14
465,2023-05-24,Smartphone,Eletrônicos,4,2106.64,8426.56
466,2023-03-27,Smartphone,Eletrônicos,16,2093.45,33495.2
467,2023-07-04,Smartphone,Eletrônicos,5,2006.07,10030.35
468,2023-10-12,Notebook,Eletrônicos,5,3271.44,16357.2
469,2023-08-08,Tablet,Eletrônicos,1,1541.27,1541.27
470,2023-03-10,Smartphone,Eletrônicos,28,1998.47,55957.16
471,2023-02-16,Monitor,Eletrônicos,1,842.09,842.09
472,2023-04-04,Teclado,Periféricos,4,155.58,622.32
473,2023-08-26,Cadeira Gamer,Móveis,2,1317.87,2635.74
474,2023-07-23,Headset,Periféricos,1,262.36,262.36
475,2023-08-06,Mesa Escritório,Móveis,3,838.4,2515.2
476,2023-12-07,Monitor,Eletrônicos,1,981.06,981.06
477,2023-02-08,Notebook,Eletrônicos,1,3292.06,3292.06
478,2023-04-10,Headset,Periféricos,4,253.28,1013.12
479,2023-10-16,Impressora,Periféricos,2,657.56,1315.12
480,2023-09-11,Smartphone,Eletrônicos,3,1866.12,5598.36
481,2023-08-10,Mesa Escritório,Móveis,5,832.04,4160.2
482,2023-12-23,Smartphone,Eletrônicos,15,2034.32,30514.8
483,2023-01-23,Impressora,Periféricos,4,610.38,2441.52
484,2023-09-07,Monitor,Eletrônicos,4,935.58,3742.32
485,2023-01-10,Smartphone,Eletrônicos,29,2171.85,62983.649999999994
486,2023-09-03,Headset,Periféricos,3,264.13,792.39
487,2023-11-21,Teclado,Periféricos,2,136.68,273.36
488,2023-04-10,Mouse,Periféricos,3,85.64,256.92
489,2023-10-17,Notebook,Eletrônicos,2,3307.88,6615.76
490,2023-06-29,Teclado,Periféricos,5,146.31,731.55
491,2023-08-11,Notebook,Eletrônicos,2,3473.21,6946.42
492,2023-09-07,Teclado,Periféricos,4,149.43,597.72
493,2023-05-27,Tablet,Eletrônicos,1,1480.55,1480.55
494,2023-04-06,Mouse,Periféricos,1,87.0,87.0
495,2023-09-14,Tablet,Eletrônicos,5,1561.81,7809.049999999999
496,2023-11-21,Smartphone,Eletrônicos,3,2052.47,6157.41
497,2023-01-04,Smartphone,Eletrônicos,24,1819.94,43678.56
498,2023-01-16,Smartphone,Eletrônicos,30,2161.57,64847.100000000006
499,2023-10-07,Mouse,Periféricos,4,86.55,346.2
500,2023-12-02,Smartphone,Eletrônicos,21,2112.09,44353.89
501,2023-09-04,Notebook,Eletrônicos,5,3154.92,15774.6
502,2023-09-15,Tablet,Eletrônicos,5,1367.18,6835.900000000001
503,2023-06-09,Smartphone,Eletrônicos,4,1890.09,7560.36
504,2023-12-06,Smartphone,Eletrônicos,31,1852.54,57428.74
505,2023-06-01,Notebook,Eletrônicos,1,3429.19,3429.19
506,2023-06-27,Smartphone,Eletrônicos,4,2169.05,8676.2
507,2023-06-12,Headset,Periféricos,4,248.6,994.4
508,2023-02-02,Tablet,Eletrônicos,4,1354.02,5416.08
509,2023-06-28,Cadeira Gamer,Móveis,3,1147.86,3443.58
510,2023-04-11,Notebook,Eletrônicos,3,3181.22,9543.66
511,2023-09-25,Mouse,Periféricos,4,72.58,290.32
512,2023-11-19,Teclado,Periféricos,2,143.27,286.54
513,2023-03-06,Monitor,Eletrônicos,2,859.61,1719.22
514,2023-06-17,Impressora,Periféricos,1,634.46,634.46
515,2023-11-26,Smartphone,Eletrônicos,34,2189.93,74457.62
516,2023-02-12,Smartphone,Eletrônicos,2,1948.48,3896.96
517,2023-02-13,Notebook,Eletrônicos,5,3450.22,17251.1
518,2023-10-12,Teclado,Periféricos,1,160.34,160.34
519,2023-01-12,Impressora,Periféricos,3,572.18,1716.54
520,2023-04-05,Smartphone,Eletrônicos,5,1862.55,9312.75
521,2023-10-29,Teclado,Periféricos,5,160.59,802.95
522,2023-09-10,Mouse,Periféricos,3,72.74,218.21999999999997
523,2023-08-30,Notebook,Eletrônicos,5,3583.79,17918.95
524,2023-02-04,Monitor,Eletrônicos,1,911.16,911.16
525,2023-08-03,Teclado,Periféricos,1,145.38,145.38
526,2023-12-03,Smartphone,Eletrônicos,26,1926.08,50078.08
527,2023-03-31,Smartphone,Eletrônicos,23,2108.74,48501.02
528,2023-09-21,Mouse,Periféricos,4,73.38,293.52
529,2023-04-03,Headset,Periféricos,5,236.84,1184.2
530,2023-03-31,Smartphone,Eletrônicos,22,2092.98,46045.56
531,2023-04-25,Mesa Escritório,Móveis,2,807.73,1615.46
532,2023-04-15,Tablet,Eletrônicos,1,1388.4,1388.4
533,2023-07-15,Tablet,Eletrônicos,2,1614.64,3229.28
534,2023-11-10,Tablet,Eletrônicos,5,1468.03,7340.15
535,2023-04-24,Mouse,Periféricos,1,85.25,85.25
536,2023-03-16,Smartphone,Eletrônicos,30,2115.09,63452.700000000004
537,2023-08-05,Mouse,Periféricos,4,81.99,327.96
538,2023-10-04,Mouse,Periféricos,4,79.91,319.64
539,2023-09-06,Cadeira Gamer,Móveis,5,1210.83,6054.15
540,2023-06-13,Cadeira Gamer,Móveis,4,1114.79,4459.16
541,2023-12-23,Tablet,Eletrônicos,2,1567.55,3135.1
542,2023-07-11,Mesa Escritório,Móveis,2,750.59,1501.18
543,2023-08-15,Teclado,Periféricos,4,145.15,580.6
544,2023-06-26,Smartphone,Eletrônicos,2,1923.48,3846.96
545,2023-04-09,Teclado,Periféricos,5,163.41,817.05
546,2023-02-05,Impressora,Periféricos,1,656.08,656.08
547,2023-04-06,Teclado,Periféricos,5,140.49,702.45
548,2023-06-01,Notebook,Eletrônicos,5,3165.42,15827.1
549,2023-05-31,Teclado,Periféricos,2,156.6,313.2
550,2023-07-09,Mesa Escritório,Móveis,1,786.88,786.88
551,2023-08-12,Tablet,Eletrônicos,2,1376.65,2753.3
552,2023-02-06,Tablet,Eletrônicos,3,1555.13,4665.39
553,2023-09-25,Cadeira Gamer,Móveis,2,1210.83,2421.66
554,2023-07-02,Smartphone,Eletrônicos,2,2192.21,4384.42
555,2023-01-13,Mouse,Periféricos,2,75.64,151.28
556,2023-10-06,Mesa Escritório,Móveis,1,784.64,784.64
557,2023-08-05,Cadeira Gamer,Móveis,2,1210.21,2420.42
558,2023-12-21,Smartphone,Eletrônicos,22,2116.68,46566.96
559,2023-12-27,Teclado,Periféricos,3,151.47,454.40999999999997
560,2023-10-13,Tablet,Eletrônicos,1,1533.87,1533.87
561,2023-09-30,Teclado,Periféricos,4,141.78,567.12
562,2023-03-03,Notebook,Eletrônicos,1,3742.84,3742.84
563,2023-03-25,Teclado,Periféricos,1,147.86,147.86
564,2023-08-05,Mesa Escritório,Móveis,3,800.775,2402.325
565,2023-12-08,Smartphone,Eletrônicos,30,2065.68,61970.399999999994
566,2023-07-06,Monitor,Eletrônicos,5,848.9,4244.5
567,2023-01-19,Smartphone,Eletrônicos,12,1839.03,22068.36
568,2023-06-26,Tablet,Eletrônicos,2,1608.6,3217.2
569,2023-04-10,Cadeira Gamer,Móveis,1,1190.44,1190.44
570,2023-08-21,Impressora,Periféricos,1,629.91,629.91
571,2023-03-17,Mesa Escritório,Móveis,1,766.49,766.49
572,2023-09-22,Mouse,Periféricos,1,84.59,84.59
573,2023-10-11,Notebook,Eletrônicos,3,3228.36,9685.08
574,2023-07-25,Impressora,Periféricos,1,582.72,582.72
575,2023-08-11,Mouse,Periféricos,5,87.65,438.25
576,2023-02-21,Teclado,Periféricos,5,158.82,794.0999999999999
577,2023-12-05,Headset,Periféricos,1,249.86,249.86
578,2023-05-24,Notebook,Eletrônicos,3,3387.84,10163.52
579,2023-03-10,Smartphone,Eletrônicos,15,2148.85,32232.75
580,2023-04-09,Notebook,Eletrônicos,5,3531.39,17656.95
581,2023-01-25,Smartphone,Eletrônicos,19,2103.37,39964.03
582,2023-02-22,Mouse,Periféricos,3,84.07,252.20999999999998
583,2023-05-31,Smartphone,Eletrônicos,2,1807.18,3614.36
584,2023-05-24,Monitor,Eletrônicos,2,832.73,1665.46
585,2023-02-26,Teclado,Periféricos,5,154.79,773.9499999999999
586,2023-02-08,Monitor,Eletrônicos,1,839.09,839.09
587,2023-04-19,Headset,Periféricos,3,237.77,713.3100000000001
588,2023-06-30,Headset,Periféricos,5,272.33,1361.6499999999999
589,2023-02-11,Cadeira Gamer,Móveis,3,1214.44,3643.32
590,2023-07-05,Impressora,Periféricos,1,630.09,630.09
591,2023-08-11,Impressora,Periféricos,1,606.96,606.96
592,2023-05-02,Smartphone,Eletrônicos,5,2021.01,10105.05
593,2023-05-13,Teclado,Periféricos,1,137.82,137.82
594,2023-06-12,Mesa Escritório,Móveis,4,774.99,3099.96
595,2023-08-03,Headset,Periféricos,2,239.12,478.24
596,2023-08-09,Smartphone,Eletrônicos,5,1956.29,9781.45
597,2023-08-23,Mesa Escritório,Móveis,3,847.74,2543.2200000000003
598,2023-11-27,Headset,Periféricos,4,243.6,974.4
599,2023-05-26,Monitor,Eletrônicos,5,891.31,4456.549999999999
600,2023-08-27,Headset,Periféricos,1,244.87,244.87
